Campaign,Ad Group,Keyword,Match Type,Status
Nith Digital - Web Design Scotland,,free website builder,Broad,Enabled
Nith Digital - Web Design Scotland,,website builder,Broad,Enabled
Nith Digital - Web Design Scotland,,wix,Broad,Enabled
Nith Digital - Web Design Scotland,,squarespace,Broad,Enabled
Nith Digital - Web Design Scotland,,godaddy,Broad,Enabled
Nith Digital - Web Design Scotland,,weebly,Broad,Enabled
Nith Digital - Web Design Scotland,,wordpress tutorial,Phrase,Enabled
Nith Digital - Web Design Scotland,,how to build a website,Phrase,Enabled
Nith Digital - Web Design Scotland,,diy website,Phrase,Enabled
Nith Digital - Web Design Scotland,,website tutorial,Phrase,Enabled
Nith Digital - Web Design Scotland,,drag and drop website,Phrase,Enabled
Nith Digital - Web Design Scotland,,site123,Broad,Enabled
Nith Digital - Web Design Scotland,,jobs,Broad,Enabled
Nith Digital - Web Design Scotland,,vacancy,Broad,Enabled
Nith Digital - Web Design Scotland,,career,Broad,Enabled
Nith Digital - Web Design Scotland,,careers,Broad,Enabled
Nith Digital - Web Design Scotland,,internship,Broad,Enabled
Nith Digital - Web Design Scotland,,apprenticeship,Broad,Enabled
Nith Digital - Web Design Scotland,,web design jobs,Phrase,Enabled
Nith Digital - Web Design Scotland,,web designer job,Phrase,Enabled
Nith Digital - Web Design Scotland,,web developer job,Phrase,Enabled
Nith Digital - Web Design Scotland,,London,Broad,Enabled
Nith Digital - Web Design Scotland,,Manchester,Broad,Enabled
Nith Digital - Web Design Scotland,,Birmingham,Broad,Enabled
Nith Digital - Web Design Scotland,,Leeds,Broad,Enabled
Nith Digital - Web Design Scotland,,Bristol,Broad,Enabled
Nith Digital - Web Design Scotland,,Liverpool,Broad,Enabled
Nith Digital - Web Design Scotland,,Dublin,Broad,Enabled
Nith Digital - Web Design Scotland,,Cardiff,Broad,Enabled
Nith Digital - Web Design Scotland,,Belfast,Broad,Enabled
Nith Digital - Web Design Scotland,,what is a website,Phrase,Enabled
Nith Digital - Web Design Scotland,,what is web design,Phrase,Enabled
Nith Digital - Web Design Scotland,,learn web design,Phrase,Enabled
Nith Digital - Web Design Scotland,,web design course,Phrase,Enabled
Nith Digital - Web Design Scotland,,web design degree,Phrase,Enabled
Nith Digital - Web Design Scotland,,web design tutorial,Phrase,Enabled
Nith Digital - Web Design Scotland,,shopify,Broad,Enabled
Nith Digital - Web Design Scotland,,ionos,Broad,Enabled
Nith Digital - Web Design Scotland,,1and1,Broad,Enabled
Nith Digital - Web Design Scotland,,123-reg,Broad,Enabled
Nith Digital - Web Design Scotland,,fasthosts,Broad,Enabled
Nith Digital - Web Design Scotland,,siteground,Broad,Enabled
Nith Digital - Web Design Scotland,,bluehost,Broad,Enabled
Nith Digital - Web Design Scotland,,checkatrade,Broad,Enabled
Nith Digital - Web Design Scotland,,trustatrader,Broad,Enabled
Nith Digital - Web Design Scotland,,rated people,Phrase,Enabled
Nith Digital - Web Design Scotland,,mybuilder,Broad,Enabled
Nith Digital - Web Design Scotland,,training,Broad,Enabled
Nith Digital - Web Design Scotland,,course,Broad,Enabled
Nith Digital - Web Design Scotland,,certification,Broad,Enabled
Nith Digital - Web Design Scotland,,free,Broad,Enabled
Nith Digital - Launchpad,,free website builder,Broad,Enabled
Nith Digital - Launchpad,,website builder,Broad,Enabled
Nith Digital - Launchpad,,wix,Broad,Enabled
Nith Digital - Launchpad,,squarespace,Broad,Enabled
Nith Digital - Launchpad,,godaddy,Broad,Enabled
Nith Digital - Launchpad,,jobs,Broad,Enabled
Nith Digital - Launchpad,,vacancy,Broad,Enabled
Nith Digital - Launchpad,,career,Broad,Enabled
Nith Digital - Launchpad,,careers,Broad,Enabled
Nith Digital - Launchpad,,London,Broad,Enabled
Nith Digital - Launchpad,,Manchester,Broad,Enabled
Nith Digital - Launchpad,,Birmingham,Broad,Enabled
Nith Digital - Launchpad,,Leeds,Broad,Enabled
Nith Digital - Launchpad,,Bristol,Broad,Enabled
Nith Digital - Launchpad,,Liverpool,Broad,Enabled
Nith Digital - Launchpad,,Dublin,Broad,Enabled
Nith Digital - Launchpad,,Cardiff,Broad,Enabled
Nith Digital - Launchpad,,Belfast,Broad,Enabled
Nith Digital - Launchpad,,web design course,Phrase,Enabled
Nith Digital - Launchpad,,web design degree,Phrase,Enabled
Nith Digital - Launchpad,,web design tutorial,Phrase,Enabled
Nith Digital - Launchpad,,shopify,Broad,Enabled
Nith Digital - Launchpad,,ionos,Broad,Enabled
Nith Digital - Launchpad,,training,Broad,Enabled
Nith Digital - Launchpad,,course,Broad,Enabled
