Keyword,Match Type,Category
hosting,Phrase,Hosting
web hosting,Phrase,Hosting
website hosting,Phrase,Hosting
cheap hosting,Phrase,Hosting
hosting plans,Phrase,Hosting
shared hosting,Phrase,Hosting
managed hosting,Phrase,Hosting
cloud hosting,Phrase,Hosting
VPS,Phrase,Hosting
dedicated server,Phrase,Hosting
server,Phrase,Hosting
domain name,Phrase,Hosting
domain registration,Phrase,Hosting
buy domain,Phrase,Hosting
domain hosting,Phrase,Hosting
SSL certificate,Phrase,Hosting
cpanel,Phrase,Hosting
wordpress hosting,Phrase,Hosting
woocommerce hosting,Phrase,Hosting
bluehost,Exact,Hosting
siteground,Exact,Hosting
hostinger,Exact,Hosting
namecheap,Exact,Hosting
ionos,Exact,Hosting
1&1,Exact,Hosting
123-reg,Exact,Hosting
one.com,Exact,Hosting
fasthosts,Exact,Hosting
tsohost,Exact,Hosting
heart internet,Phrase,Hosting
kualo,Exact,Hosting
krystal,Exact,Hosting
dreamhost,Exact,Hosting
hostgator,Exact,Hosting
a2 hosting,Phrase,Hosting
kinsta,Exact,Hosting
wpengine,Exact,Hosting
cloudflare,Exact,Hosting
bandwidth,Phrase,Hosting
uptime,Phrase,Hosting
server migration,Phrase,Hosting
migrate website,Phrase,Hosting
nameserver,Phrase,Hosting
DNS,Phrase,Hosting
FTP,Phrase,Hosting
how to build a website,Phrase,DIY Self-Build
how to make a website,Phrase,DIY Self-Build
how to create a website,Phrase,DIY Self-Build
build your own website,Phrase,DIY Self-Build
build a website yourself,Phrase,DIY Self-Build
do it yourself website,Phrase,DIY Self-Build
DIY website,Phrase,DIY Self-Build
website builder,Phrase,DIY Self-Build
website builder free,Phrase,DIY Self-Build
how to,Phrase,DIY Self-Build
how do I,Phrase,DIY Self-Build
make a website,Phrase,DIY Self-Build
create a website,Phrase,DIY Self-Build
start a website,Phrase,DIY Self-Build
design my own website,Phrase,DIY Self-Build
build my own website,Phrase,DIY Self-Build
website from scratch,Phrase,DIY Self-Build
code a website,Phrase,DIY Self-Build
learn to code,Phrase,DIY Self-Build
learn web design,Phrase,DIY Self-Build
web design tutorial,Phrase,DIY Self-Build
beginner web design,Phrase,DIY Self-Build
website step by step,Phrase,DIY Self-Build
steps to create,Phrase,DIY Self-Build
steps to make,Phrase,DIY Self-Build
drag and drop,Phrase,DIY Self-Build
no code website,Phrase,DIY Self-Build
no-code,Phrase,DIY Self-Build
template,Phrase,DIY Self-Build
website template,Phrase,DIY Self-Build
free template,Phrase,DIY Self-Build
HTML template,Phrase,DIY Self-Build
CSS tutorial,Phrase,DIY Self-Build
wordpress tutorial,Phrase,DIY Self-Build
wordpress theme,Phrase,DIY Self-Build
elementor,Phrase,DIY Self-Build
divi theme,Phrase,DIY Self-Build
divi builder,Phrase,DIY Self-Build
beaver builder,Phrase,DIY Self-Build
page builder,Phrase,DIY Self-Build
site builder,Phrase,DIY Self-Build
bootstrap website,Phrase,DIY Self-Build
build website for free,Phrase,DIY Self-Build
make website free,Phrase,DIY Self-Build
free website maker,Phrase,DIY Self-Build
website maker,Phrase,DIY Self-Build
self hosted,Phrase,DIY Self-Build
vs squarespace,Phrase,DIY Self-Build
vs wix,Phrase,DIY Self-Build
vs godaddy,Phrase,DIY Self-Build
wix,Exact,DIY Builder Brands
wix free,Exact,DIY Builder Brands
wix pricing,Exact,DIY Builder Brands
wix tutorial,Exact,DIY Builder Brands
wix templates,Exact,DIY Builder Brands
wix review,Exact,DIY Builder Brands
squarespace,Exact,DIY Builder Brands
squarespace pricing,Exact,DIY Builder Brands
squarespace templates,Exact,DIY Builder Brands
squarespace tutorial,Exact,DIY Builder Brands
squarespace review,Exact,DIY Builder Brands
godaddy website builder,Exact,DIY Builder Brands
godaddy,Exact,DIY Builder Brands
weebly,Exact,DIY Builder Brands
jimdo,Exact,DIY Builder Brands
zyro,Exact,DIY Builder Brands
duda,Exact,DIY Builder Brands
strikingly,Exact,DIY Builder Brands
webnode,Exact,DIY Builder Brands
ucraft,Exact,DIY Builder Brands
yola,Exact,DIY Builder Brands
site123,Exact,DIY Builder Brands
tilda,Exact,DIY Builder Brands
shopify,Exact,DIY Builder Brands
bigcommerce,Exact,DIY Builder Brands
webflow,Exact,DIY Builder Brands
framer,Exact,DIY Builder Brands
notion,Exact,DIY Builder Brands
cargo,Exact,DIY Builder Brands
cargo collective,Exact,DIY Builder Brands
format,Exact,DIY Builder Brands
wordpress.com,Exact,DIY Builder Brands
free,Phrase,Informational / Free
free website,Phrase,Informational / Free
free web design,Phrase,Informational / Free
free website builder,Phrase,Informational / Free
free domain,Phrase,Informational / Free
free hosting,Phrase,Informational / Free
cheap,Phrase,Informational / Free
cheapest,Phrase,Informational / Free
cheap website,Phrase,Informational / Free
budget,Phrase,Informational / Free
discount,Phrase,Informational / Free
coupon,Phrase,Informational / Free
promo code,Phrase,Informational / Free
deal,Phrase,Informational / Free
tutorial,Phrase,Informational / Free
guide,Phrase,Informational / Free
what is,Phrase,Informational / Free
definition,Phrase,Informational / Free
meaning,Phrase,Informational / Free
explained,Phrase,Informational / Free
course,Phrase,Informational / Free
training,Phrase,Informational / Free
certification,Phrase,Informational / Free
degree,Phrase,Informational / Free
bootcamp,Phrase,Informational / Free
learn,Phrase,Informational / Free
beginner,Phrase,Informational / Free
basics,Phrase,Informational / Free
introduction to,Phrase,Informational / Free
overview,Phrase,Informational / Free
comparison,Phrase,Informational / Free
vs,Phrase,Informational / Free
review,Phrase,Informational / Free
reviews,Phrase,Informational / Free
best website builder,Phrase,Informational / Free
reddit,Phrase,Informational / Free
youtube,Phrase,Informational / Free
wiki,Phrase,Informational / Free
blog,Phrase,Informational / Free
forum,Phrase,Informational / Free
examples,Phrase,Informational / Free
inspiration,Phrase,Informational / Free
jobs,Phrase,Job Seeking
job,Phrase,Job Seeking
careers,Phrase,Job Seeking
career,Phrase,Job Seeking
vacancy,Phrase,Job Seeking
vacancies,Phrase,Job Seeking
apply,Phrase,Job Seeking
hiring,Phrase,Job Seeking
recruitment,Phrase,Job Seeking
salary,Phrase,Job Seeking
junior developer,Phrase,Job Seeking
junior web designer,Phrase,Job Seeking
web developer job,Phrase,Job Seeking
web design job,Phrase,Job Seeking
web designer job,Phrase,Job Seeking
digital marketing job,Phrase,Job Seeking
graphic designer job,Phrase,Job Seeking
UX designer job,Phrase,Job Seeking
intern,Phrase,Job Seeking
internship,Phrase,Job Seeking
apprenticeship,Phrase,Job Seeking
graduate,Phrase,Job Seeking
portfolio,Phrase,Job Seeking
freelance work,Phrase,Job Seeking
remote work,Phrase,Job Seeking
work from home,Phrase,Job Seeking
how to become,Phrase,Job Seeking
become a web designer,Phrase,Job Seeking
web design salary,Phrase,Job Seeking
indeed,Phrase,Job Seeking
reed,Phrase,Job Seeking
linkedin,Phrase,Job Seeking
cv,Phrase,Job Seeking
resume,Phrase,Job Seeking
app development,Phrase,Unrelated Tech
mobile app,Phrase,Unrelated Tech
iOS app,Phrase,Unrelated Tech
android app,Phrase,Unrelated Tech
software development,Phrase,Unrelated Tech
software engineer,Phrase,Unrelated Tech
coding,Phrase,Unrelated Tech
programming,Phrase,Unrelated Tech
python,Phrase,Unrelated Tech
javascript,Phrase,Unrelated Tech
HTML,Phrase,Unrelated Tech
CSS,Phrase,Unrelated Tech
PHP,Phrase,Unrelated Tech
SQL,Phrase,Unrelated Tech
API,Phrase,Unrelated Tech
github,Phrase,Unrelated Tech
stackoverflow,Phrase,Unrelated Tech
SEO tool,Phrase,Unrelated Tech
ahrefs,Exact,Unrelated Tech
semrush,Exact,Unrelated Tech
moz,Exact,Unrelated Tech
screaming frog,Phrase,Unrelated Tech
analytics,Phrase,Unrelated Tech
google analytics,Phrase,Unrelated Tech
tag manager,Phrase,Unrelated Tech
shopify app,Phrase,Unrelated Tech
plugin,Phrase,Unrelated Tech
theme,Phrase,Unrelated Tech
stock photo,Phrase,Unrelated Tech
logo maker,Phrase,Unrelated Tech
canva,Exact,Unrelated Tech
figma,Exact,Unrelated Tech
adobe,Phrase,Unrelated Tech
photoshop,Phrase,Unrelated Tech
CRM,Phrase,Unrelated Tech
email marketing software,Phrase,Unrelated Tech
mailchimp,Exact,Unrelated Tech
chatbot,Phrase,Unrelated Tech
cybersecurity,Phrase,Unrelated Tech
IT support,Phrase,Unrelated Tech
managed IT,Phrase,Unrelated Tech
cyberspaceunlimited,Exact,Competitor
csu web design,Exact,Competitor
eskdale solutions,Exact,Competitor
eskdale,Exact,Competitor
internet design shop,Exact,Competitor
nathon jones,Exact,Competitor
webmill,Exact,Competitor
web design dumfries,Exact,Competitor
cascade ai,Exact,Competitor
cascadeuk,Exact,Competitor
david and george,Exact,Competitor
yell,Exact,Competitor
yell.com,Exact,Competitor
fiverr,Exact,Competitor
upwork,Exact,Competitor
freelancer.com,Exact,Competitor
99designs,Exact,Competitor
people per hour,Exact,Competitor
bark.com,Exact,Competitor
free website,Phrase,Free Tools
free web design,Phrase,Free Tools
free website builder,Phrase,Free Tools
free website hosting,Phrase,Free Tools
free domain name,Phrase,Free Tools
free website template,Phrase,Free Tools
get a free website,Phrase,Free Tools
build a free website,Phrase,Free Tools
website for free,Phrase,Free Tools
create free website,Phrase,Free Tools
free ecommerce website,Phrase,Free Tools
free wordpress,Phrase,Free Tools
free wix,Phrase,Free Tools
free squarespace,Phrase,Free Tools
free logo,Phrase,Free Tools
free landing page,Phrase,Free Tools
free one page website,Phrase,Free Tools
free portfolio website,Phrase,Free Tools
open source,Phrase,Free Tools
trial,Phrase,Free Tools
free trial,Phrase,Free Tools
